transaction_id,orderDate,branchId,branchName,customer_id,totalAmount,status,statusValue,product_id,price
1,2023-08-01 11:37:00,10,Central,515,130.31,1,Failed,922,520.3
2,2023-02-28 12:48:00,6,West End,791,721.98,0,Completed,465,72.97
3,2023-06-17 03:30:00,8,Central,24,538.83,0,Failed,839,635.14
4,2023-12-26 11:26:00,8,East Side,95,617.59,0,Pending,854,803.47
5,2023-01-10 08:23:00,2,East Side,756,12.25,1,Pending,270,298.37
6,2023-06-10 07:38:00,4,Downtown,539,579.89,1,Failed,957,254.12
7,2023-09-27 13:11:00,7,West End,932,132.72,0,Completed,962,134.16
8,2023-02-07 20:19:00,10,Central,875,410.23,1,Pending,529,843.02
9,2023-12-27 21:58:00,7,East Side,171,815.24,1,Failed,678,968.71
10,2023-04-18 07:41:00,9,Downtown,970,192.72,1,Failed,432,521.88
11,2023-06-07 12:07:00,5,East Side,147,925.99,1,Pending,367,250.7
12,2023-02-01 14:39:00,10,East Side,390,341.13,0,Completed,560,801.96
13,2023-05-02 02:34:00,4,Downtown,182,773.63,1,Failed,503,345.56
14,2023-05-22 03:20:00,3,Downtown,293,120.12,0,Completed,259,955.07
15,2023-05-24 05:44:00,4,West End,954,292.37,1,Pending,573,719.61
16,2023-11-08 10:06:00,2,Downtown,689,256.09,0,Failed,336,910.72
17,2023-07-11 00:42:00,3,Downtown,239,728.21,1,Completed,934,150.37
18,2023-02-24 19:45:00,1,West End,244,751.97,0,Failed,477,180.85
19,2023-10-20 19:19:00,2,Uptown,642,988.74,1,Completed,274,326.58
20,2023-09-20 08:50:00,1,Downtown,253,970.4,0,Failed,422,724.11
21,2023-08-02 10:49:00,8,Uptown,871,545.18,1,Pending,183,367.98
22,2023-03-22 08:09:00,5,Downtown,217,618.92,0,Failed,729,657.22
23,2023-10-14 02:15:00,8,Downtown,714,502.5,1,Completed,383,395.14
24,2023-05-21 11:12:00,8,East Side,894,520.26,0,Pending,830,237.17
25,2023-04-14 14:11:00,5,West End,320,696.4,0,Pending,873,966.01
26,2023-08-06 05:08:00,9,Central,182,363.95,0,Completed,459,425.68
27,2023-11-10 21:14:00,8,West End,555,977.89,1,Pending,715,182.08
28,2023-12-30 15:45:00,9,Central,610,752.01,0,Completed,589,484.06
29,2023-12-22 01:48:00,5,Downtown,663,234.19,1,Completed,589,489.52
30,2023-05-20 21:09:00,3,East Side,190,999.83,1,Failed,618,349.32
31,2023-02-02 07:38:00,2,West End,841,493.41,0,Pending,759,817.93
32,2023-02-28 14:11:00,4,East Side,932,308.07,1,Pending,496,69.98
33,2023-04-08 23:41:00,1,Uptown,855,734.94,0,Pending,423,915.49
34,2023-02-10 18:12:00,10,Uptown,848,332.33,0,Pending,947,149.63
35,2023-11-16 08:23:00,8,West End,334,175.28,1,Completed,845,382.12
36,2023-07-31 05:29:00,2,East Side,841,714.05,0,Failed,810,580.74
37,2023-03-28 03:16:00,3,Central,999,24.77,0,Pending,122,123.98
38,2023-10-04 03:48:00,2,East Side,969,192.47,0,Completed,862,887.19
39,2023-05-03 07:17:00,7,Uptown,392,47.0,0,Pending,789,117.46
40,2023-12-20 07:53:00,4,West End,264,921.06,0,Completed,53,621.55
41,2023-09-05 01:46:00,10,Uptown,941,86.86,1,Completed,797,167.97
42,2023-11-08 16:11:00,8,Downtown,544,572.17,1,Pending,626,504.4
43,2023-07-24 07:55:00,7,Uptown,102,895.82,0,Pending,51,545.52
44,2023-11-15 05:19:00,10,East Side,506,45.1,1,Completed,302,323.38
45,2023-11-24 19:50:00,9,East Side,251,42.26,1,Completed,697,798.56
46,2023-07-05 05:26:00,10,Uptown,955,729.67,1,Pending,565,622.71
47,2023-01-27 20:58:00,2,West End,164,795.13,1,Completed,594,168.35
48,2023-02-02 02:57:00,7,Downtown,272,85.94,1,Completed,471,386.41
49,2023-05-10 06:04:00,3,Central,891,754.52,0,Pending,534,821.85
50,2023-01-20 23:09:00,4,Uptown,238,912.74,0,Pending,543,528.95
51,2023-12-15 07:01:00,4,East Side,422,158.82,1,Failed,822,272.23
52,2023-04-19 01:10:00,5,Central,531,534.97,1,Pending,216,509.78
53,2023-11-14 22:30:00,5,Downtown,475,750.08,1,Pending,703,575.44
54,2023-04-09 09:37:00,2,Uptown,99,191.7,0,Failed,2,67.24
55,2023-08-26 21:42:00,9,Central,799,433.19,1,Pending,252,637.94
56,2023-10-25 02:56:00,3,Uptown,609,119.32,0,Failed,305,871.77
57,2023-05-19 10:56:00,6,Downtown,861,458.92,1,Pending,714,875.37
58,2023-11-18 10:28:00,6,Downtown,269,276.29,1,Pending,469,158.06
59,2023-07-10 02:31:00,4,Downtown,612,16.17,1,Pending,557,844.44
60,2023-09-24 15:38:00,5,Uptown,190,584.0,0,Failed,254,177.42
61,2023-06-17 01:44:00,7,Downtown,223,657.58,1,Pending,42,930.96
62,2023-02-14 12:50:00,4,West End,303,771.59,1,Failed,622,192.51
63,2023-01-29 21:44:00,4,Uptown,600,589.05,1,Completed,93,681.87
64,2023-12-09 08:05:00,2,Uptown,285,302.66,0,Failed,77,304.89
65,2023-05-20 09:02:00,1,West End,518,456.09,1,Failed,931,484.49
66,2023-02-14 15:13:00,4,Downtown,644,50.8,1,Pending,190,330.27
67,2023-12-21 05:41:00,2,West End,131,158.42,1,Pending,103,187.31
68,2023-07-22 22:08:00,3,Uptown,434,596.97,1,Completed,573,707.3
69,2023-02-19 04:59:00,4,Uptown,7,466.8,0,Pending,771,397.27
70,2023-02-01 06:55:00,4,Uptown,913,224.11,1,Completed,125,391.48
71,2023-11-11 07:20:00,7,Central,716,397.89,1,Pending,280,569.07
72,2023-06-30 20:12:00,4,Downtown,687,142.85,0,Completed,198,529.85
73,2023-01-24 16:11:00,6,Central,601,971.48,1,Pending,926,332.12
74,2023-01-07 02:33:00,9,Downtown,636,486.32,1,Completed,661,65.01
75,2023-02-23 20:51:00,8,East Side,813,767.75,0,Completed,457,962.28
76,2023-11-23 06:58:00,9,East Side,882,547.11,0,Failed,657,682.74
77,2023-07-17 20:10:00,5,Uptown,940,599.01,0,Pending,931,537.56
78,2023-02-06 23:47:00,8,Central,760,775.72,0,Failed,510,769.2
79,2023-01-26 01:42:00,8,Central,122,971.36,1,Pending,189,148.97
80,2023-08-27 18:42:00,3,Central,279,510.36,0,Completed,633,827.95
81,2023-12-06 19:57:00,6,West End,143,123.78,0,Pending,93,241.01
82,2023-05-20 16:55:00,10,West End,380,141.39,1,Pending,789,667.87
83,2023-01-18 17:28:00,1,Uptown,429,178.86,0,Completed,417,369.32
84,2023-01-03 15:37:00,9,West End,316,562.85,0,Failed,229,155.89
85,2023-09-24 19:55:00,10,East Side,370,774.75,0,Completed,723,799.8
86,2023-04-02 04:55:00,1,Downtown,929,744.7,1,Failed,681,980.02
87,2023-04-17 15:27:00,3,Uptown,854,218.1,0,Failed,169,288.44
88,2023-10-02 19:52:00,1,East Side,316,851.44,1,Failed,915,615.53
89,2023-01-18 01:16:00,2,Downtown,597,632.69,1,Completed,962,165.13
90,2023-07-21 21:43:00,8,Uptown,124,862.57,1,Completed,717,270.71
91,2023-03-24 00:41:00,1,Downtown,505,977.88,1,Pending,925,555.37
92,2023-04-29 05:26:00,9,Uptown,461,361.1,0,Completed,711,550.77
93,2023-10-30 12:12:00,1,East Side,890,531.45,0,Completed,228,151.56
94,2023-04-18 11:06:00,9,Downtown,503,370.59,0,Pending,18,902.4
95,2023-01-11 21:01:00,10,Downtown,367,358.21,1,Failed,62,174.91
96,2023-07-26 21:54:00,4,Uptown,21,556.43,0,Failed,667,552.15
97,2023-12-25 08:29:00,4,Central,618,59.33,0,Pending,1,187.51
98,2023-12-22 17:22:00,8,Uptown,155,704.8,0,Pending,254,955.74
99,2023-07-01 04:03:00,7,Uptown,185,359.32,1,Failed,984,548.1
100,2023-08-24 15:08:00,1,Uptown,837,533.98,0,Pending,890,417.92
101,2023-10-23 15:07:00,2,West End,272,287.66,1,Pending,81,184.28
102,2023-07-25 16:33:00,2,Uptown,238,133.6,0,Completed,884,33.56
103,2024-01-01 13:11:00,6,East Side,875,20.33,0,Pending,985,21.55
104,2023-01-27 15:40:00,1,Uptown,929,96.59,0,Completed,575,289.13
105,2023-07-08 00:24:00,5,East Side,691,221.14,1,Pending,576,999.12
106,2023-06-02 08:27:00,2,Central,719,164.95,0,Completed,621,106.31
107,2023-11-08 13:25:00,7,Central,729,989.69,0,Failed,17,807.38
108,2023-03-03 09:25:00,10,West End,235,236.45,0,Pending,463,268.03
109,2023-08-17 08:52:00,2,Uptown,7,929.54,1,Failed,996,70.16
110,2023-01-04 12:44:00,1,East Side,37,918.5,0,Completed,768,287.96
111,2023-01-26 00:34:00,10,Central,920,811.65,1,Failed,559,495.19
112,2023-07-28 22:50:00,9,Downtown,192,673.12,1,Completed,117,192.63
113,2023-03-18 07:32:00,3,East Side,392,105.28,1,Completed,679,369.82
114,2023-10-04 19:35:00,7,East Side,226,101.82,0,Pending,142,250.34
115,2023-01-11 15:19:00,9,Uptown,526,791.31,0,Pending,322,519.34
116,2023-08-12 20:33:00,3,Uptown,711,462.75,0,Failed,693,530.5
117,2023-02-18 14:38:00,2,Central,993,529.37,1,Failed,929,364.36
118,2023-05-25 03:48:00,3,Uptown,966,415.11,1,Failed,135,817.57
119,2023-06-07 18:57:00,2,Downtown,472,780.83,1,Failed,518,209.26
120,2023-02-18 19:53:00,2,Downtown,653,672.63,0,Completed,477,126.65
121,2023-12-02 11:08:00,5,Downtown,609,258.89,1,Failed,391,518.99
122,2023-06-14 14:04:00,5,Downtown,348,726.26,0,Completed,9,628.37
123,2023-12-16 10:59:00,4,Uptown,749,816.89,1,Failed,972,236.23
124,2023-05-11 22:19:00,1,East Side,439,111.82,0,Completed,574,461.48
125,2023-01-15 01:52:00,5,West End,371,326.16,1,Pending,286,213.77
126,2023-09-24 04:38:00,3,West End,134,113.44,1,Completed,890,54.45
127,2023-02-14 11:23:00,2,Downtown,597,518.18,1,Completed,470,512.58
128,2023-08-22 06:59:00,9,Central,475,352.56,1,Failed,143,220.59
129,2023-09-23 10:46:00,9,East Side,506,351.09,0,Pending,655,118.8
130,2023-12-12 11:22:00,1,Downtown,556,455.11,1,Completed,180,541.78
131,2023-02-06 15:51:00,1,Central,750,422.72,1,Pending,232,622.06
132,2023-05-08 23:47:00,4,Central,360,757.68,1,Failed,154,303.12
133,2023-08-26 21:09:00,6,East Side,460,673.18,1,Completed,601,651.53
134,2023-10-12 16:12:00,5,Uptown,43,542.4,1,Pending,227,931.67
135,2023-03-15 04:31:00,5,East Side,995,930.9,0,Completed,693,340.16
136,2023-08-28 04:04:00,4,West End,352,326.24,1,Completed,242,497.41
137,2023-11-21 23:29:00,8,Downtown,827,512.75,1,Failed,253,597.28
138,2023-10-13 18:30:00,4,Uptown,125,304.99,0,Completed,532,742.49
139,2023-07-21 22:55:00,3,Uptown,113,433.47,1,Failed,690,164.81
140,2023-12-22 14:28:00,7,West End,27,786.01,0,Pending,168,249.89
141,2023-11-05 13:40:00,3,Central,74,170.74,0,Pending,403,749.31
142,2023-05-16 09:54:00,6,Uptown,634,966.58,1,Completed,967,290.7
143,2023-07-30 10:39:00,3,Central,319,496.98,1,Completed,367,992.39
144,2023-05-14 01:32:00,9,Downtown,327,493.7,1,Completed,254,73.32
145,2023-08-25 23:45:00,7,Central,852,947.84,0,Completed,440,784.91
146,2023-01-28 17:46:00,8,Downtown,409,741.0,1,Pending,200,180.08
147,2023-01-19 17:04:00,1,Uptown,938,153.03,0,Failed,705,217.73
148,2023-04-15 06:07:00,5,Downtown,958,27.95,0,Pending,163,506.52
149,2023-08-23 13:11:00,9,Downtown,917,385.6,1,Completed,870,433.37
150,2023-01-24 01:17:00,9,Uptown,130,394.32,1,Pending,442,837.44
151,2023-08-30 04:52:00,3,East Side,82,858.67,0,Failed,229,32.95
152,2023-01-30 06:36:00,7,Uptown,251,21.94,1,Completed,654,397.4
153,2023-09-05 19:32:00,7,Central,809,660.32,1,Pending,743,148.81
154,2023-10-04 08:36:00,2,West End,196,880.71,0,Completed,197,447.02
155,2023-04-10 23:54:00,4,West End,581,234.53,0,Failed,554,337.19
156,2023-08-27 19:24:00,10,East Side,790,460.96,1,Failed,459,394.59
157,2023-10-24 13:31:00,7,West End,724,545.22,0,Failed,351,68.67
158,2023-07-01 12:00:00,7,West End,260,24.12,0,Completed,961,745.8
159,2023-02-02 10:15:00,4,Downtown,200,543.56,0,Failed,154,825.43
160,2023-06-20 03:14:00,4,East Side,1000,380.24,1,Completed,218,825.84
161,2023-07-03 10:19:00,6,East Side,468,51.72,1,Completed,510,813.27
162,2023-05-24 15:26:00,7,West End,506,113.1,0,Completed,429,547.94
163,2023-12-28 17:58:00,4,East Side,929,443.75,0,Failed,883,260.58
164,2023-10-16 00:30:00,6,East Side,379,312.61,1,Pending,416,573.38
165,2023-04-05 01:25:00,4,Uptown,14,676.03,1,Pending,858,726.55
166,2023-05-23 12:54:00,5,Central,622,90.41,1,Completed,401,295.81
167,2023-03-04 06:40:00,5,East Side,264,587.11,0,Failed,903,288.74
168,2023-12-04 18:04:00,9,Central,820,671.35,0,Failed,65,423.56
169,2023-12-21 22:41:00,2,Central,154,753.02,1,Pending,833,286.28
170,2023-08-09 11:38:00,4,Uptown,947,714.81,0,Completed,297,786.69
171,2023-06-17 07:03:00,5,Downtown,597,175.31,0,Failed,976,186.55
172,2023-09-09 19:46:00,4,Central,275,626.64,1,Completed,196,628.22
173,2023-06-13 07:51:00,6,Central,999,277.42,0,Completed,975,737.18
174,2023-06-26 04:24:00,1,Uptown,168,844.78,0,Pending,719,362.89
175,2023-07-30 01:37:00,5,Central,592,920.34,0,Pending,10,788.68
176,2023-09-02 22:41:00,2,East Side,268,552.13,0,Completed,151,840.88
177,2023-04-29 11:03:00,5,Downtown,984,788.47,1,Pending,427,520.59
178,2023-08-02 21:37:00,7,West End,812,952.19,1,Failed,864,483.38
179,2023-11-14 21:14:00,8,Uptown,148,462.66,1,Completed,487,169.35
180,2023-02-27 07:11:00,6,Central,885,852.88,0,Pending,48,125.48
181,2023-03-09 02:14:00,3,Uptown,870,148.65,0,Completed,565,92.02
182,2023-08-07 08:19:00,8,East Side,362,152.59,1,Completed,92,329.02
183,2023-01-05 22:38:00,2,Downtown,163,548.88,1,Failed,707,239.12
184,2023-11-11 00:17:00,3,Downtown,101,956.05,1,Pending,732,263.31
185,2023-05-02 18:44:00,9,East Side,624,350.51,0,Failed,775,67.07
186,2023-09-25 04:46:00,7,East Side,473,981.6,1,Pending,967,764.73
187,2023-06-09 14:06:00,9,Uptown,58,824.84,0,Pending,264,276.6
188,2023-02-21 19:09:00,8,Uptown,321,560.08,0,Pending,19,455.68
189,2023-05-31 17:23:00,3,East Side,230,86.85,0,Failed,416,143.84
190,2023-11-11 04:12:00,6,Uptown,709,128.21,1,Pending,980,465.42
191,2023-10-20 09:02:00,4,Downtown,920,659.46,0,Pending,643,834.27
192,2023-04-01 16:49:00,6,Central,62,630.73,1,Completed,949,429.96
193,2023-11-26 04:24:00,6,Downtown,273,392.91,1,Pending,313,734.36
194,2023-11-16 22:32:00,5,West End,609,537.65,1,Failed,89,901.26
195,2023-05-22 15:10:00,2,Downtown,62,625.53,1,Failed,866,600.67
196,2023-12-11 17:50:00,4,Central,646,358.78,0,Failed,151,326.51
197,2023-02-15 03:27:00,10,Downtown,740,669.09,0,Pending,754,373.37
198,2023-09-30 03:28:00,4,West End,85,714.51,1,Completed,83,531.52
199,2023-10-15 13:21:00,6,West End,864,837.68,0,Pending,911,340.48
200,2023-09-17 14:12:00,8,Central,358,816.91,1,Completed,881,435.64
201,2023-12-30 14:35:00,4,Central,994,833.9,0,Completed,961,986.07
202,2023-02-21 09:41:00,1,Central,969,197.11,1,Failed,412,964.84
203,2023-11-18 16:14:00,10,Central,736,113.34,0,Failed,343,68.89
204,2023-03-23 10:44:00,1,Uptown,679,948.13,0,Failed,146,885.21
205,2023-07-14 10:29:00,7,Downtown,240,540.65,0,Completed,383,423.19
206,2023-10-20 13:10:00,4,Uptown,919,589.23,1,Completed,684,364.0
207,2023-09-15 08:22:00,6,West End,332,75.64,1,Completed,479,979.79
208,2023-06-08 08:59:00,9,Downtown,654,649.93,0,Failed,992,696.43
209,2023-07-26 10:44:00,1,West End,642,345.68,0,Completed,519,564.97
210,2023-11-06 11:18:00,4,Downtown,764,530.95,0,Failed,920,476.34
211,2023-12-29 14:31:00,6,West End,817,653.19,0,Failed,700,776.31
212,2023-11-21 11:21:00,6,West End,608,560.85,0,Failed,297,926.19
213,2023-01-08 16:25:00,6,East Side,279,311.76,0,Failed,643,230.96
214,2023-03-22 13:59:00,1,East Side,691,889.29,0,Completed,59,904.44
215,2023-02-23 09:51:00,7,West End,270,589.46,0,Failed,958,738.15
216,2023-01-23 09:19:00,9,Uptown,930,749.07,1,Completed,558,456.89
217,2023-10-05 23:20:00,9,Central,506,179.33,0,Failed,894,107.12
218,2023-01-02 05:53:00,7,Uptown,974,972.86,0,Pending,962,692.92
219,2023-02-05 10:56:00,2,East Side,730,472.52,1,Completed,113,805.77
220,2023-05-11 10:02:00,2,Uptown,135,758.42,1,Completed,21,76.17
221,2023-04-26 01:35:00,10,East Side,153,100.78,1,Completed,493,664.71
222,2023-10-30 04:54:00,2,Uptown,380,256.74,0,Completed,796,189.0
223,2023-12-20 23:13:00,3,Uptown,71,13.65,0,Failed,158,151.27
224,2023-04-29 03:44:00,1,Uptown,778,481.92,0,Failed,696,796.63
225,2023-11-14 15:06:00,2,Central,751,68.89,1,Failed,61,447.22
226,2023-01-08 11:59:00,2,West End,683,233.25,1,Failed,874,651.63
227,2023-02-13 23:45:00,7,Uptown,790,956.45,0,Pending,816,20.8
228,2023-01-07 17:27:00,1,Uptown,512,675.27,1,Pending,840,192.5
229,2023-11-17 21:01:00,10,Downtown,104,662.24,0,Failed,618,143.93
230,2023-04-15 07:07:00,5,West End,204,536.12,0,Failed,755,873.53
231,2023-12-21 10:30:00,5,West End,800,113.04,1,Completed,398,79.34
232,2023-05-16 16:53:00,10,East Side,983,956.53,0,Completed,29,575.18
233,2023-12-22 05:34:00,7,Downtown,545,313.01,0,Pending,379,187.23
234,2023-01-13 03:41:00,4,Downtown,438,384.47,1,Pending,430,186.45
235,2023-01-13 21:20:00,9,West End,357,274.48,1,Pending,642,995.85
236,2023-06-24 08:16:00,8,Downtown,723,416.76,0,Failed,426,773.66
237,2023-11-26 08:42:00,4,Uptown,476,772.46,1,Completed,533,117.65
238,2023-09-05 03:29:00,8,West End,141,804.93,0,Completed,550,515.25
239,2023-02-19 08:28:00,4,Downtown,994,607.14,0,Completed,465,158.71
240,2023-05-10 04:25:00,8,Downtown,512,926.55,0,Pending,667,915.71
241,2023-07-06 21:25:00,1,West End,285,957.12,0,Completed,955,93.13
242,2023-11-21 01:35:00,6,Central,827,958.17,1,Completed,543,857.64
243,2023-01-11 01:36:00,2,West End,574,377.07,1,Pending,770,523.61
244,2023-02-15 22:39:00,2,Central,347,242.27,1,Pending,149,690.92
245,2023-05-02 20:30:00,4,Central,833,162.14,0,Failed,788,375.07
246,2023-03-27 11:26:00,3,West End,460,74.93,0,Pending,723,109.51
247,2023-11-24 08:40:00,7,Central,422,430.21,1,Failed,364,51.61
248,2023-12-29 22:35:00,4,Central,483,478.31,0,Failed,136,835.08
249,2023-12-20 02:14:00,5,Central,359,825.81,1,Completed,282,888.51
250,2023-08-03 19:46:00,6,Downtown,298,528.43,0,Completed,75,221.32
251,2023-08-29 13:02:00,10,Uptown,770,381.31,1,Failed,542,545.22
252,2023-04-01 22:23:00,8,East Side,868,162.08,0,Failed,381,941.08
253,2023-06-05 21:47:00,10,Downtown,537,813.47,0,Pending,805,834.08
254,2023-12-04 13:01:00,1,Central,176,676.82,1,Failed,910,391.4
255,2023-05-24 02:02:00,6,Central,966,266.38,0,Pending,965,625.75
256,2023-12-05 03:11:00,2,West End,557,142.4,0,Completed,156,619.92
257,2023-08-15 15:40:00,5,Downtown,334,711.81,0,Failed,710,210.36
258,2023-11-27 14:40:00,5,West End,931,467.91,0,Completed,968,147.17
259,2023-09-02 05:47:00,10,West End,722,109.13,1,Pending,674,11.41
260,2023-11-08 12:43:00,5,Downtown,437,731.07,1,Completed,929,562.58
261,2023-04-27 14:48:00,10,Central,751,652.61,1,Pending,249,893.03
262,2023-02-11 12:08:00,5,East Side,41,699.24,0,Pending,385,903.11
263,2023-10-21 20:37:00,3,Downtown,134,467.35,0,Pending,598,310.39
264,2023-07-13 19:28:00,7,Central,953,22.92,1,Failed,620,16.34
265,2023-04-02 09:54:00,4,Downtown,417,628.09,1,Pending,535,760.79
266,2023-08-28 06:40:00,6,West End,873,528.71,0,Completed,599,742.85
267,2023-06-20 21:57:00,10,Uptown,700,702.38,0,Pending,149,573.7
268,2023-02-20 17:19:00,8,Uptown,166,778.26,0,Completed,242,218.47
269,2023-01-08 23:28:00,2,Downtown,528,375.2,1,Pending,558,492.72
270,2023-08-29 04:50:00,10,Central,437,925.26,0,Pending,725,597.4
271,2023-08-02 15:49:00,5,Central,477,876.17,1,Failed,956,353.64
272,2023-02-28 02:56:00,10,Uptown,432,669.64,1,Pending,246,622.93
273,2023-09-19 08:54:00,3,East Side,840,606.84,0,Completed,556,790.68
274,2023-07-18 01:23:00,8,East Side,25,88.03,0,Failed,182,921.34
275,2023-09-12 13:42:00,8,Uptown,68,346.1,1,Pending,811,299.2
276,2023-04-17 10:31:00,8,East Side,320,436.05,1,Completed,752,626.31
277,2023-05-23 19:00:00,6,Uptown,26,557.85,0,Pending,48,810.78
278,2023-02-13 13:10:00,10,Downtown,444,862.83,0,Pending,235,68.5
279,2023-08-09 16:34:00,6,East Side,823,559.78,0,Failed,416,745.38
280,2023-12-28 21:42:00,2,Uptown,619,734.81,1,Completed,918,817.68
281,2023-09-17 20:27:00,6,Uptown,387,466.75,0,Completed,925,290.23
282,2023-07-05 18:25:00,10,East Side,545,651.85,1,Completed,525,288.01
283,2023-10-16 03:10:00,2,Central,411,693.2,1,Completed,895,683.9
284,2023-04-22 18:17:00,4,Central,143,691.0,1,Failed,343,889.29
285,2023-05-06 00:06:00,3,West End,682,847.09,0,Pending,215,801.74
286,2023-08-30 04:04:00,1,East Side,463,429.19,1,Completed,694,504.27
287,2023-05-21 09:35:00,6,Downtown,989,643.73,1,Failed,488,856.06
288,2023-08-01 13:02:00,10,West End,356,456.19,1,Pending,972,680.41
289,2023-09-29 20:14:00,10,Central,26,279.22,1,Completed,640,116.44
290,2023-08-28 01:17:00,9,Central,418,237.37,1,Failed,72,803.78
291,2023-12-12 07:02:00,6,East Side,168,665.02,1,Failed,618,123.61
292,2023-06-03 02:23:00,4,Uptown,76,372.35,0,Pending,18,931.52
293,2023-02-24 12:32:00,8,West End,992,804.3,1,Pending,868,357.94
294,2023-01-15 09:34:00,3,West End,663,818.56,0,Pending,313,965.03
295,2023-08-04 05:53:00,2,East Side,353,955.71,1,Failed,435,109.4
296,2023-10-20 16:37:00,6,East Side,38,944.35,0,Pending,326,714.68
297,2023-10-24 17:26:00,2,Uptown,850,513.41,1,Pending,515,244.68
298,2023-11-21 20:47:00,9,East Side,953,996.01,1,Failed,263,478.99
299,2023-03-05 03:02:00,1,Uptown,166,566.78,1,Failed,221,139.03
300,2023-08-15 13:27:00,10,East Side,40,728.83,0,Pending,287,358.69
301,2023-05-07 06:03:00,9,East Side,374,891.77,0,Completed,864,157.78
302,2023-02-02 12:05:00,7,Uptown,369,922.6,1,Failed,669,547.68
303,2023-02-05 23:38:00,5,Downtown,809,921.92,1,Pending,900,347.58
304,2023-11-16 23:19:00,6,Central,115,307.66,1,Completed,573,335.59
305,2023-06-07 13:46:00,10,West End,93,156.92,1,Pending,523,822.22
306,2023-03-02 09:23:00,1,East Side,758,698.0,0,Failed,238,306.47
307,2023-07-18 02:31:00,5,Central,316,385.88,1,Completed,864,84.44
308,2023-03-17 05:06:00,2,Central,205,765.3,1,Completed,36,518.68
309,2023-11-09 12:46:00,2,Central,459,456.92,0,Completed,203,421.49
310,2023-09-24 02:41:00,2,West End,89,170.21,0,Failed,352,733.73
311,2023-01-05 23:06:00,5,Central,621,848.29,1,Pending,382,777.35
312,2023-10-15 16:42:00,4,Downtown,640,749.44,1,Failed,14,432.54
313,2023-11-01 07:42:00,2,East Side,810,459.8,0,Pending,622,402.11
314,2023-11-21 13:27:00,10,Central,158,458.97,0,Pending,799,441.83
315,2023-09-19 09:51:00,10,Downtown,593,536.89,0,Failed,658,924.82
316,2023-08-28 14:14:00,9,Central,279,904.84,0,Completed,325,508.46
317,2023-10-25 20:27:00,1,Downtown,933,637.71,0,Completed,476,143.13
318,2023-01-08 00:05:00,10,Central,829,700.85,1,Completed,294,360.18
319,2023-03-30 05:11:00,9,Uptown,541,432.71,0,Pending,977,45.7
320,2023-09-25 02:48:00,5,East Side,167,484.18,0,Pending,644,465.15
321,2023-03-24 19:41:00,7,Downtown,972,843.83,0,Failed,535,72.84
322,2023-10-22 16:00:00,8,Downtown,948,722.79,1,Pending,324,802.7
323,2023-12-05 07:30:00,10,Downtown,301,461.81,0,Completed,778,998.19
324,2023-06-28 14:05:00,9,Central,169,64.31,1,Completed,724,380.09
325,2023-07-12 00:52:00,1,Downtown,372,231.0,0,Completed,733,359.53
326,2023-04-19 03:40:00,10,West End,269,497.29,1,Failed,323,518.44
327,2023-04-02 07:26:00,2,Central,719,920.42,0,Failed,939,443.31
328,2023-04-29 17:06:00,7,Downtown,953,433.09,0,Completed,908,291.92
329,2023-04-19 18:46:00,3,East Side,295,249.05,1,Completed,587,77.59
330,2023-10-03 08:47:00,1,East Side,615,699.28,1,Pending,242,413.93
331,2023-10-18 09:39:00,3,West End,932,327.7,0,Pending,845,282.38
332,2023-10-27 08:37:00,4,Central,479,117.42,0,Pending,802,145.14
333,2023-03-01 07:32:00,2,Central,294,776.77,0,Completed,921,637.5
334,2023-03-30 08:33:00,4,Central,943,310.7,1,Pending,180,75.18
335,2023-10-01 06:10:00,5,Central,953,37.31,0,Pending,30,878.56
336,2023-08-18 02:10:00,1,Downtown,331,788.72,1,Failed,79,910.63
337,2023-11-08 10:34:00,3,Central,64,525.63,0,Failed,715,583.13
338,2023-07-27 13:07:00,5,Downtown,574,161.87,1,Failed,917,993.59
339,2023-12-18 09:58:00,10,West End,153,817.01,1,Failed,61,278.6
340,2023-01-22 00:40:00,5,West End,267,498.9,0,Completed,251,70.98
341,2023-07-14 14:38:00,1,East Side,596,585.44,1,Pending,881,922.07
342,2023-08-05 03:20:00,1,Central,825,124.97,1,Failed,78,927.21
343,2023-09-17 16:48:00,10,West End,930,230.23,1,Pending,392,984.73
344,2023-05-04 04:40:00,2,Downtown,366,660.74,1,Pending,283,246.72
345,2023-05-28 06:38:00,4,Uptown,1000,901.27,0,Completed,877,542.43
346,2023-10-30 17:01:00,1,Uptown,710,404.01,0,Pending,306,203.37
347,2023-10-03 16:43:00,10,East Side,435,893.02,0,Completed,159,542.02
348,2023-06-10 02:17:00,3,West End,16,238.38,0,Completed,549,692.47
349,2023-11-25 14:09:00,6,Central,879,408.7,1,Pending,133,578.51
350,2023-08-20 12:15:00,5,Central,933,645.69,0,Completed,547,100.93
351,2023-01-22 22:10:00,3,Uptown,865,78.18,0,Pending,198,378.9
352,2023-11-07 17:20:00,2,Uptown,508,519.92,0,Pending,113,343.06
353,2023-10-04 07:31:00,3,Downtown,161,876.46,0,Failed,48,746.16
354,2023-11-26 19:38:00,1,Uptown,193,205.21,1,Pending,298,777.07
355,2023-12-27 12:20:00,4,West End,74,890.05,0,Pending,462,688.7
356,2023-06-04 14:45:00,3,Downtown,954,175.55,0,Pending,850,575.13
357,2023-11-08 18:19:00,8,East Side,191,66.64,0,Pending,948,550.86
358,2023-03-30 13:08:00,10,West End,840,512.71,0,Completed,812,482.22
359,2023-05-11 16:02:00,9,Downtown,261,839.37,1,Pending,441,269.75
360,2023-01-16 03:51:00,1,Uptown,490,739.11,1,Failed,687,230.17
361,2023-07-21 17:30:00,4,East Side,548,503.06,0,Completed,577,480.72
362,2023-10-17 20:51:00,8,Central,897,765.57,0,Completed,831,641.61
363,2023-07-14 22:29:00,9,West End,500,530.27,0,Pending,681,420.6
364,2023-05-24 10:40:00,10,Downtown,649,950.74,0,Completed,900,352.18
365,2023-11-20 21:45:00,2,East Side,600,93.44,1,Pending,225,963.68
366,2023-06-17 05:36:00,8,Downtown,900,144.11,1,Pending,445,938.82
367,2023-06-24 15:42:00,5,Central,204,165.81,0,Pending,891,791.99
368,2023-03-04 03:21:00,9,West End,764,89.63,1,Failed,862,762.26
369,2023-03-24 14:53:00,6,East Side,442,872.58,0,Failed,224,77.22
370,2023-03-27 06:49:00,7,Central,812,128.42,1,Completed,719,600.29
371,2023-09-05 04:18:00,3,Downtown,510,117.74,1,Failed,612,85.31
372,2023-03-31 18:19:00,4,East Side,645,247.98,0,Failed,248,139.51
373,2023-03-08 01:17:00,5,East Side,443,498.49,0,Completed,736,954.85
374,2023-01-05 16:42:00,2,West End,414,886.65,0,Failed,812,569.9
375,2023-06-22 06:39:00,10,East Side,20,561.61,0,Pending,31,197.77
376,2023-08-19 20:25:00,9,Downtown,689,840.85,1,Pending,577,363.89
377,2023-02-05 07:22:00,4,West End,765,556.83,0,Completed,180,881.22
378,2023-10-12 14:32:00,6,West End,147,739.89,1,Failed,568,515.82
379,2023-03-31 10:43:00,2,Downtown,416,534.6,0,Failed,310,306.67
380,2023-05-12 05:46:00,4,Downtown,722,271.74,0,Failed,923,95.04
381,2023-04-11 09:09:00,2,Downtown,52,976.01,1,Completed,978,253.66
382,2023-08-17 13:44:00,3,East Side,192,925.45,1,Completed,697,205.85
383,2023-04-04 20:59:00,1,West End,921,106.66,1,Pending,991,314.05
384,2023-09-15 04:25:00,1,Uptown,741,895.01,1,Completed,78,974.99
385,2023-07-02 00:57:00,1,Uptown,641,22.0,0,Failed,777,435.48
386,2023-10-28 22:49:00,9,Uptown,669,409.12,1,Failed,89,332.17
387,2023-12-25 11:12:00,5,Central,622,799.63,1,Pending,859,464.25
388,2023-11-18 13:20:00,4,East Side,311,601.29,0,Failed,722,863.78
389,2023-01-23 02:23:00,5,Uptown,522,262.6,0,Completed,433,296.85
390,2023-04-29 20:07:00,4,Downtown,847,723.53,1,Failed,382,685.18
391,2023-09-05 22:54:00,8,Central,647,385.97,1,Completed,407,987.81
392,2023-11-06 01:07:00,10,Uptown,164,523.17,0,Failed,946,252.63
393,2023-12-08 19:16:00,8,Uptown,806,779.57,1,Pending,374,161.81
394,2023-03-01 09:43:00,5,East Side,878,956.43,1,Pending,727,754.16
395,2023-10-15 17:40:00,8,Central,367,989.89,0,Failed,785,723.79
396,2023-12-27 06:35:00,6,Uptown,896,352.07,1,Pending,628,517.97
397,2023-12-03 02:02:00,8,Downtown,55,845.19,0,Pending,530,194.87
398,2023-11-11 10:55:00,2,East Side,73,711.16,0,Completed,567,423.11
399,2023-08-09 04:15:00,5,Central,275,658.03,1,Failed,539,746.32
400,2023-02-17 03:02:00,7,West End,472,783.51,0,Completed,674,918.36
401,2023-09-12 08:49:00,2,Downtown,538,901.74,1,Pending,644,419.29
402,2023-07-02 21:48:00,9,Central,780,812.3,1,Completed,1,267.42
403,2023-03-30 21:07:00,3,Uptown,660,317.16,1,Failed,332,10.33
404,2023-07-06 14:27:00,5,Uptown,104,684.92,1,Failed,277,641.37
405,2023-07-01 07:02:00,2,Uptown,211,29.12,1,Pending,29,258.76
406,2023-08-28 12:28:00,9,Uptown,918,584.03,0,Pending,613,262.0
407,2023-11-10 21:39:00,1,West End,622,570.22,1,Pending,811,162.75
408,2023-12-14 17:53:00,1,Downtown,170,474.27,1,Completed,572,587.4
409,2023-12-08 15:51:00,3,Central,240,365.21,1,Completed,747,142.86
410,2023-10-03 10:59:00,9,Uptown,252,130.03,1,Failed,87,49.95
411,2023-06-16 19:45:00,3,Uptown,184,953.9,1,Completed,97,242.35
412,2023-04-15 06:57:00,5,Central,731,644.84,1,Pending,206,72.6
413,2023-04-01 19:08:00,3,Central,928,609.46,1,Completed,572,891.1
414,2023-07-19 22:46:00,4,Uptown,953,933.14,0,Completed,197,519.88
415,2023-03-19 15:39:00,6,West End,42,664.74,1,Completed,62,905.34
416,2023-11-11 07:57:00,1,West End,622,520.74,1,Failed,723,665.12
417,2023-11-21 12:44:00,3,Central,796,923.54,1,Pending,181,598.95
418,2023-06-15 23:42:00,4,West End,231,344.98,1,Completed,990,924.44
419,2023-07-02 23:53:00,3,Downtown,493,468.3,0,Failed,107,629.52
420,2023-02-21 07:55:00,8,West End,707,417.99,1,Completed,411,22.16
421,2023-08-21 21:38:00,8,Central,2,447.65,0,Completed,42,841.21
422,2023-08-14 20:52:00,3,Central,806,246.17,0,Failed,860,349.01
423,2023-11-19 12:49:00,6,Uptown,349,173.94,1,Pending,345,150.7
424,2023-09-01 11:58:00,6,West End,504,847.54,0,Failed,86,507.79
425,2023-01-08 21:53:00,6,Uptown,111,458.67,1,Pending,745,912.78
426,2023-11-25 05:16:00,2,Uptown,439,397.02,1,Completed,462,288.12
427,2023-02-08 17:20:00,3,East Side,197,356.74,0,Failed,582,620.95
428,2023-02-15 18:09:00,7,Downtown,752,259.91,0,Pending,803,638.72
429,2023-10-02 16:00:00,4,Central,328,876.7,0,Completed,549,307.79
430,2023-03-30 13:52:00,8,West End,387,736.05,0,Completed,722,323.04
431,2023-01-22 23:45:00,7,Uptown,624,798.85,1,Pending,74,835.44
432,2023-11-29 00:23:00,6,Uptown,447,527.37,1,Completed,730,911.93
433,2023-04-15 05:27:00,9,East Side,544,942.32,1,Completed,466,344.41
434,2023-06-16 15:54:00,3,Uptown,936,277.27,0,Pending,295,390.35
435,2023-12-20 09:42:00,8,Downtown,445,767.24,1,Pending,65,45.0
436,2023-12-13 11:38:00,5,Downtown,407,864.53,0,Failed,194,149.2
437,2023-02-19 12:55:00,1,West End,997,372.8,1,Completed,323,117.61
438,2023-11-04 09:20:00,7,Downtown,614,158.08,1,Pending,418,882.5
439,2023-05-22 19:07:00,10,West End,961,259.32,0,Pending,850,110.54
440,2023-08-08 05:14:00,5,West End,684,979.46,0,Pending,376,658.61
441,2023-05-15 07:08:00,4,Downtown,380,113.56,1,Pending,238,857.05
442,2023-03-05 15:44:00,6,West End,146,501.12,0,Completed,116,126.42
443,2023-09-02 08:09:00,8,East Side,505,557.77,1,Pending,926,141.18
444,2023-11-11 12:21:00,10,Downtown,23,153.1,0,Completed,698,873.85
445,2023-12-15 23:23:00,6,Downtown,272,567.06,1,Completed,912,529.05
446,2023-06-25 23:24:00,4,East Side,17,44.52,0,Failed,75,766.45
447,2023-09-24 15:17:00,7,Downtown,347,221.7,1,Completed,302,406.88
448,2023-10-11 21:51:00,3,Central,960,485.11,0,Completed,943,229.9
449,2023-07-18 17:00:00,5,Downtown,129,761.79,1,Pending,895,554.79
450,2023-04-20 09:46:00,8,Downtown,734,466.76,1,Failed,297,963.53
451,2023-06-30 01:33:00,10,Central,218,619.1,1,Pending,484,758.51
452,2023-05-09 21:21:00,5,Uptown,618,470.23,0,Failed,457,902.22
453,2023-11-17 22:31:00,10,Central,234,69.11,0,Completed,463,856.35
454,2023-04-13 07:24:00,6,Downtown,164,487.89,0,Failed,13,338.31
455,2023-08-17 14:27:00,9,Central,691,152.07,1,Failed,537,993.99
456,2023-11-08 18:45:00,1,Downtown,433,349.57,1,Pending,22,209.51
457,2023-07-21 21:12:00,9,Downtown,333,946.66,0,Failed,200,41.44
458,2023-04-13 23:44:00,2,West End,990,762.78,1,Completed,215,44.18
459,2023-10-27 09:38:00,10,Uptown,647,589.6,1,Pending,724,27.34
460,2023-06-15 05:51:00,5,Downtown,211,554.81,1,Completed,780,891.12
461,2023-01-03 15:39:00,5,Downtown,399,204.94,1,Pending,293,322.08
462,2023-03-17 23:27:00,8,Downtown,955,149.24,1,Completed,372,64.84
463,2023-01-14 03:21:00,6,West End,349,209.92,0,Pending,916,982.91
464,2023-09-05 04:14:00,8,Uptown,314,966.02,0,Failed,626,905.88
465,2023-05-03 18:32:00,7,Downtown,483,827.38,1,Pending,258,170.39
466,2023-01-10 03:14:00,6,East Side,277,369.23,1,Pending,796,555.64
467,2023-05-22 00:04:00,1,East Side,372,789.43,0,Failed,911,638.36
468,2023-02-08 11:06:00,2,Downtown,664,64.15,1,Pending,91,694.74
469,2023-03-25 01:42:00,9,East Side,333,240.5,1,Pending,618,270.1
470,2023-02-09 13:19:00,1,West End,448,376.85,1,Failed,517,294.33
471,2023-07-19 02:12:00,9,Downtown,752,525.28,1,Failed,83,10.47
472,2023-05-09 09:42:00,5,East Side,247,71.59,1,Pending,237,561.16
473,2023-08-21 15:40:00,8,Downtown,288,940.65,1,Failed,310,204.15
474,2023-02-21 11:03:00,4,Downtown,741,298.32,0,Failed,445,321.44
475,2023-07-28 08:02:00,9,Uptown,76,573.68,1,Pending,868,500.93
476,2023-08-19 08:51:00,8,West End,398,248.74,1,Completed,670,879.57
477,2023-02-22 10:19:00,1,East Side,879,799.26,0,Pending,845,916.49
478,2023-06-27 09:30:00,10,West End,710,711.6,0,Failed,96,995.1
479,2023-10-16 11:54:00,9,Central,419,66.18,0,Completed,890,181.32
480,2023-03-20 10:52:00,5,Central,261,897.82,1,Pending,210,46.18
481,2023-12-10 20:58:00,9,Downtown,129,86.48,0,Pending,183,820.39
482,2023-02-08 00:54:00,4,Downtown,141,474.41,0,Failed,149,681.26
483,2023-02-02 14:58:00,6,East Side,892,844.09,1,Pending,387,588.6
484,2023-11-26 03:46:00,9,West End,853,241.0,0,Failed,427,677.96
485,2023-11-25 00:50:00,5,Central,865,396.03,1,Completed,180,524.62
486,2023-02-22 04:11:00,2,Downtown,702,682.92,0,Failed,546,632.59
487,2023-06-10 04:17:00,3,Uptown,19,95.34,1,Completed,386,366.46
488,2023-11-26 02:14:00,9,Uptown,251,279.69,0,Failed,562,902.64
489,2023-08-01 22:03:00,5,West End,117,152.27,1,Failed,749,105.26
490,2023-02-05 21:16:00,1,East Side,140,620.8,1,Pending,376,92.31
491,2023-12-05 11:27:00,10,Downtown,550,572.24,0,Pending,41,965.76
492,2023-11-09 05:29:00,9,Downtown,13,531.44,1,Failed,578,271.24
493,2023-07-28 08:03:00,2,Downtown,755,653.05,1,Pending,358,795.67
494,2023-01-23 23:50:00,10,Uptown,9,323.45,1,Completed,370,624.7
495,2023-08-08 06:17:00,5,Central,50,496.27,1,Failed,337,203.23
496,2023-01-01 10:01:00,5,Central,536,377.05,1,Completed,512,572.51
497,2023-12-02 18:23:00,5,East Side,359,152.76,1,Pending,678,416.63
498,2023-08-31 12:04:00,5,Central,244,448.81,1,Pending,81,837.3
499,2023-01-13 13:22:00,8,West End,42,620.18,1,Completed,272,605.55
500,2023-04-07 11:54:00,3,Downtown,836,310.27,0,Completed,99,217.85
501,2023-01-03 14:39:00,3,West End,659,840.04,0,Pending,995,958.78
502,2023-08-07 01:39:00,3,West End,23,207.11,1,Failed,934,880.86
503,2023-05-03 12:58:00,10,Downtown,287,452.76,0,Pending,238,490.65
504,2023-08-26 07:01:00,7,Downtown,423,409.54,0,Pending,785,694.26
505,2023-04-12 20:15:00,5,Uptown,714,359.22,1,Completed,20,767.23
506,2023-04-15 21:26:00,9,Uptown,925,292.9,0,Completed,526,580.66
507,2023-12-23 09:52:00,9,Uptown,569,779.93,1,Failed,522,242.02
508,2023-03-29 08:51:00,9,Downtown,175,178.94,1,Failed,546,499.23
509,2023-10-26 11:50:00,4,Downtown,680,371.92,1,Completed,534,603.44
510,2023-10-21 05:51:00,1,East Side,462,621.8,1,Failed,209,582.85
511,2023-12-23 06:35:00,2,West End,674,57.35,0,Failed,354,164.68
512,2023-04-28 11:33:00,4,West End,782,590.58,1,Failed,934,384.98
513,2023-01-25 13:54:00,10,East Side,783,911.46,1,Failed,752,731.36
514,2023-01-21 09:41:00,4,Central,505,591.76,0,Failed,750,985.51
515,2023-10-28 07:22:00,6,West End,921,394.18,0,Failed,53,77.83
516,2023-03-29 06:55:00,1,Central,392,812.72,0,Completed,835,14.81
517,2023-12-30 09:18:00,4,Downtown,174,206.62,1,Pending,8,338.61
518,2023-08-13 14:35:00,3,West End,770,724.57,1,Completed,729,481.24
519,2023-05-30 01:13:00,8,Uptown,944,968.92,1,Pending,397,221.62
520,2023-03-03 15:23:00,6,East Side,761,197.9,0,Pending,362,180.57
521,2023-07-09 05:48:00,4,Uptown,588,766.72,1,Pending,529,718.92
522,2023-11-14 06:57:00,6,Central,829,758.96,0,Completed,203,882.44
523,2023-07-31 18:08:00,1,Uptown,934,895.64,0,Completed,272,908.45
524,2023-02-18 17:39:00,9,East Side,69,377.11,0,Pending,501,930.04
525,2023-10-05 09:01:00,3,East Side,452,657.72,0,Completed,762,654.99
526,2023-06-23 23:01:00,1,East Side,605,953.8,1,Completed,368,644.73
527,2023-05-13 06:19:00,3,Uptown,500,393.89,1,Pending,918,402.81
528,2023-06-13 00:49:00,2,Downtown,293,678.47,1,Completed,906,182.12
529,2023-08-30 11:57:00,5,Central,201,57.27,1,Failed,411,301.26
530,2023-06-18 18:01:00,1,East Side,535,755.51,0,Failed,447,838.12
531,2023-03-25 08:19:00,10,West End,426,73.01,1,Failed,619,91.81
532,2023-10-13 08:12:00,7,Central,884,987.46,1,Pending,83,166.0
533,2023-05-25 10:43:00,6,Central,617,188.6,0,Failed,62,189.18
534,2023-11-26 14:07:00,9,West End,757,423.03,0,Failed,521,731.53
535,2023-07-23 16:22:00,5,Central,418,769.59,0,Completed,319,61.27
536,2023-01-14 19:18:00,6,Downtown,835,662.43,1,Pending,509,977.3
537,2023-10-17 07:37:00,7,Central,174,770.78,0,Pending,86,560.18
538,2023-11-03 08:03:00,5,East Side,299,438.0,1,Pending,84,454.83
539,2023-11-11 12:45:00,6,Central,155,283.22,1,Completed,478,915.53
540,2023-09-05 23:52:00,6,East Side,290,328.12,0,Pending,988,975.47
541,2023-11-02 06:19:00,2,Central,787,17.09,0,Pending,75,865.85
542,2023-06-07 23:22:00,1,Downtown,570,42.69,1,Failed,477,967.31
543,2023-12-23 14:12:00,4,West End,165,689.37,1,Completed,821,94.16
544,2023-12-07 11:32:00,9,East Side,681,794.6,1,Completed,891,979.16
545,2023-09-21 09:35:00,1,Downtown,147,418.78,0,Completed,218,309.91
546,2023-08-17 11:01:00,8,West End,5,623.08,0,Completed,783,897.6
547,2023-09-04 07:49:00,4,West End,96,405.95,0,Completed,1000,856.07
548,2023-10-12 13:18:00,8,Downtown,483,517.52,1,Completed,432,18.59
549,2023-03-18 10:39:00,1,Uptown,977,255.81,1,Failed,39,382.81
550,2023-11-28 09:23:00,3,Central,325,619.98,0,Completed,728,80.0
551,2023-12-09 09:45:00,5,Central,585,579.5,0,Failed,189,293.25
552,2023-10-15 18:17:00,8,East Side,813,121.36,0,Completed,602,966.2
553,2023-07-13 21:21:00,3,Downtown,692,279.55,0,Failed,594,336.8
554,2023-01-05 06:23:00,8,Downtown,538,536.74,0,Completed,858,987.14
555,2023-07-21 13:36:00,10,West End,311,670.65,0,Completed,182,670.85
556,2023-07-14 02:31:00,5,Central,780,851.47,0,Failed,343,575.09
557,2023-02-14 15:14:00,9,East Side,864,65.45,1,Pending,662,745.86
558,2023-05-06 21:26:00,6,Central,482,823.62,1,Pending,768,554.09
559,2023-09-04 13:29:00,10,Downtown,378,920.37,1,Failed,258,671.07
560,2023-05-22 15:59:00,6,Uptown,90,369.57,1,Completed,917,359.82
561,2023-06-02 04:11:00,7,Downtown,33,860.08,0,Failed,754,150.55
562,2023-06-19 08:14:00,8,West End,642,267.62,1,Failed,729,986.93
563,2023-05-01 11:29:00,7,East Side,978,142.27,0,Completed,62,522.46
564,2023-09-02 08:54:00,8,Downtown,979,160.35,0,Completed,283,576.69
565,2023-07-07 07:37:00,7,West End,665,937.83,0,Pending,540,160.62
566,2023-12-27 14:27:00,9,Uptown,516,793.95,1,Failed,930,682.19
567,2023-09-24 12:19:00,8,Uptown,778,582.17,1,Pending,61,570.84
568,2023-09-24 18:57:00,4,East Side,1000,593.26,0,Pending,667,570.34
569,2023-03-21 02:37:00,3,East Side,291,100.01,1,Failed,180,109.64
570,2023-02-01 18:44:00,3,East Side,436,68.98,0,Failed,27,669.06
571,2023-02-05 08:04:00,5,Central,185,278.73,1,Completed,338,156.78
572,2023-05-07 10:56:00,5,East Side,351,79.35,1,Completed,890,738.32
573,2023-10-06 06:25:00,8,Uptown,569,341.87,0,Completed,206,472.65
574,2023-06-22 14:38:00,9,Uptown,240,676.16,0,Failed,317,661.9
575,2023-11-16 01:58:00,9,West End,105,777.53,0,Pending,108,284.38
576,2023-11-11 22:04:00,5,East Side,62,567.86,0,Completed,822,28.55
577,2023-07-29 00:20:00,5,East Side,79,564.07,0,Pending,600,715.56
578,2023-08-02 03:39:00,7,Central,468,171.07,0,Failed,978,693.5
579,2023-06-06 10:31:00,10,Central,34,51.36,1,Failed,385,73.05
580,2023-11-09 11:06:00,7,East Side,77,934.13,1,Failed,980,975.98
581,2023-01-28 14:36:00,8,Central,317,670.57,0,Completed,72,238.74
582,2023-02-08 11:33:00,4,East Side,743,146.8,0,Failed,55,652.79
583,2023-01-07 19:45:00,1,East Side,953,630.72,1,Pending,933,881.95
584,2023-04-24 22:21:00,9,Uptown,902,944.2,0,Pending,277,206.31
585,2023-09-30 10:13:00,3,East Side,795,109.02,1,Failed,292,613.55
586,2023-09-29 02:24:00,1,West End,159,621.32,0,Completed,528,102.36
587,2023-02-19 05:46:00,4,Downtown,194,537.37,1,Completed,213,249.33
588,2023-08-23 22:28:00,2,West End,642,593.06,0,Completed,629,767.93
589,2023-12-15 18:09:00,4,Downtown,295,181.81,1,Completed,861,836.48
590,2023-02-04 10:29:00,1,Uptown,245,68.9,1,Completed,476,711.64
591,2023-08-17 10:54:00,7,West End,77,213.99,0,Failed,667,584.31
592,2023-10-20 23:49:00,5,West End,734,203.12,0,Failed,40,825.51
593,2023-10-14 03:54:00,4,Downtown,540,623.05,0,Pending,760,883.54
594,2023-01-01 17:18:00,5,Central,222,625.81,1,Completed,67,461.55
595,2023-12-02 17:34:00,3,Downtown,465,324.64,0,Pending,634,902.49
596,2023-08-24 21:32:00,8,Central,60,729.81,0,Completed,218,652.89
597,2023-10-24 16:29:00,3,East Side,841,937.66,0,Failed,131,527.18
598,2023-01-06 16:22:00,3,Downtown,783,174.28,1,Completed,899,413.67
599,2023-03-21 17:55:00,4,Uptown,250,563.61,0,Pending,816,62.7
600,2023-12-23 19:25:00,6,Uptown,272,416.67,1,Pending,189,945.63
601,2023-05-07 15:19:00,6,Central,980,664.64,1,Failed,932,132.56
602,2023-07-26 09:07:00,7,West End,275,717.36,1,Completed,478,815.52
603,2023-07-13 19:05:00,5,Central,739,604.57,1,Pending,864,995.68
604,2023-07-24 05:20:00,7,Uptown,882,198.82,0,Failed,12,433.11
605,2023-05-28 11:59:00,1,Central,492,107.94,1,Pending,678,530.8
606,2023-05-17 07:25:00,6,West End,781,316.57,1,Completed,609,71.97
607,2023-11-23 00:25:00,2,West End,245,104.31,0,Completed,693,276.8
608,2023-10-05 07:31:00,1,Downtown,415,864.82,0,Pending,200,987.95
609,2023-02-28 23:44:00,9,West End,489,287.85,1,Pending,240,568.86
610,2023-11-09 16:42:00,5,Downtown,695,505.87,1,Pending,716,204.51
611,2023-04-21 22:28:00,6,Uptown,854,969.0,1,Failed,294,707.31
612,2023-06-29 11:11:00,4,Downtown,494,532.41,0,Failed,977,428.29
613,2023-01-23 13:35:00,8,Central,983,586.04,0,Completed,835,147.81
614,2023-05-18 06:26:00,7,Downtown,827,526.13,0,Failed,154,160.9
615,2023-06-13 03:24:00,6,Downtown,445,932.65,0,Completed,16,469.65
616,2023-10-25 03:52:00,6,East Side,765,222.41,1,Failed,886,432.41
617,2023-01-06 15:12:00,4,East Side,737,950.4,1,Pending,444,786.17
618,2023-09-08 04:23:00,10,East Side,171,121.9,1,Failed,27,130.54
619,2023-06-22 20:36:00,3,Uptown,344,812.52,0,Pending,104,576.51
620,2023-03-07 05:12:00,8,East Side,841,440.38,1,Pending,993,597.58
621,2023-11-28 18:30:00,6,Central,149,216.93,0,Failed,189,621.68
622,2023-04-08 11:06:00,4,East Side,553,266.47,0,Pending,900,354.7
623,2023-09-26 15:07:00,8,Uptown,553,855.12,0,Failed,24,449.52
624,2023-02-11 02:45:00,6,Downtown,105,523.82,0,Completed,877,155.84
625,2023-08-01 12:22:00,2,East Side,682,651.86,0,Pending,606,279.96
626,2023-08-10 17:55:00,6,West End,831,986.6,0,Pending,28,139.58
627,2023-09-13 01:18:00,5,Uptown,887,673.84,1,Completed,136,888.19
628,2023-01-16 07:00:00,7,West End,889,877.62,0,Failed,21,285.75
629,2023-07-20 16:58:00,4,East Side,410,607.74,1,Failed,332,87.55
630,2023-01-13 08:09:00,9,Uptown,150,771.22,0,Completed,842,303.67
631,2023-02-13 23:56:00,1,Downtown,99,674.53,1,Failed,929,23.11
632,2023-10-05 05:55:00,4,Central,33,801.41,1,Completed,696,574.82
633,2023-01-29 10:29:00,8,Downtown,252,337.67,1,Pending,662,577.74
634,2023-07-14 01:00:00,4,Central,873,786.62,1,Completed,551,413.93
635,2023-11-20 15:38:00,4,Downtown,781,329.8,0,Completed,872,55.92
636,2023-06-18 00:02:00,3,Central,829,95.62,0,Completed,813,915.55
637,2023-10-07 08:10:00,9,Central,970,751.14,0,Completed,958,139.38
638,2023-07-25 21:26:00,9,Central,769,447.78,0,Completed,684,508.73
639,2023-10-11 07:08:00,1,West End,478,233.48,0,Failed,224,73.0
640,2023-04-29 04:25:00,1,West End,524,50.95,1,Pending,932,345.21
641,2023-01-03 00:35:00,4,Uptown,453,561.64,1,Completed,641,950.75
642,2023-08-24 16:37:00,4,West End,318,980.05,0,Completed,294,838.13
643,2023-09-21 02:01:00,3,East Side,151,523.52,1,Completed,157,294.51
644,2023-09-05 08:26:00,8,Central,928,522.92,1,Failed,728,346.77
645,2023-11-25 20:15:00,5,West End,314,415.26,1,Failed,564,479.4
646,2023-07-17 07:10:00,3,Uptown,648,609.45,0,Failed,752,522.46
647,2023-05-29 08:16:00,2,Uptown,686,178.7,1,Failed,107,999.17
648,2023-11-11 19:47:00,9,East Side,537,192.92,1,Failed,260,25.97
649,2023-11-03 01:33:00,1,Uptown,249,478.35,0,Failed,416,280.2
650,2023-05-23 07:12:00,1,Downtown,630,19.32,1,Failed,836,830.73
651,2023-06-15 14:50:00,10,Downtown,666,645.61,1,Completed,291,791.1
652,2023-07-14 07:42:00,1,Central,840,219.59,0,Failed,71,839.42
653,2023-03-13 06:00:00,9,Uptown,620,720.75,0,Completed,170,468.98
654,2023-11-09 09:48:00,1,West End,453,70.86,0,Failed,664,478.27
655,2023-04-09 02:33:00,5,East Side,14,445.9,0,Failed,188,322.68
656,2023-12-31 13:25:00,4,Uptown,284,136.86,0,Pending,908,369.63
657,2023-07-23 04:06:00,6,West End,197,759.29,1,Pending,84,515.23
658,2023-05-12 20:18:00,2,Uptown,519,815.15,1,Failed,59,691.76
659,2023-12-23 08:38:00,7,West End,647,604.72,1,Failed,409,285.74
660,2023-02-24 04:19:00,10,West End,745,433.54,1,Failed,232,521.22
661,2023-05-13 20:38:00,6,Downtown,968,831.47,1,Pending,118,359.79
662,2023-07-12 05:47:00,3,East Side,829,876.8,0,Failed,420,156.82
663,2023-07-16 08:39:00,3,Uptown,376,609.59,1,Failed,962,180.84
664,2023-07-24 05:21:00,8,Uptown,589,425.17,1,Pending,696,219.72
665,2023-11-10 18:57:00,8,Central,864,981.08,1,Pending,773,129.81
666,2023-07-29 06:38:00,9,Uptown,704,681.76,1,Failed,885,122.61
667,2023-08-20 23:21:00,10,West End,313,917.77,1,Failed,251,775.69
668,2023-08-22 13:11:00,9,Central,13,966.58,1,Failed,852,968.99
669,2023-08-28 17:43:00,9,West End,414,692.48,1,Completed,494,58.33
670,2023-07-27 10:15:00,1,East Side,809,326.04,0,Pending,373,493.99
671,2023-08-22 16:53:00,1,Uptown,754,668.63,0,Failed,287,792.13
672,2023-06-16 03:04:00,9,Central,244,145.87,1,Pending,156,543.33
673,2023-10-29 11:21:00,6,Downtown,621,435.33,1,Failed,344,229.18
674,2023-10-11 16:50:00,10,Downtown,722,941.13,1,Failed,632,815.57
675,2023-07-27 01:09:00,1,East Side,187,727.2,0,Completed,926,796.74
676,2023-04-16 21:02:00,10,East Side,528,720.03,0,Failed,593,684.91
677,2023-04-06 04:52:00,10,Uptown,780,775.28,1,Completed,249,499.33
678,2023-12-04 18:29:00,4,West End,282,292.61,0,Failed,902,230.67
679,2023-06-23 18:25:00,3,West End,927,356.89,0,Completed,120,795.14
680,2023-02-06 04:36:00,3,Central,638,404.51,1,Pending,496,293.22
681,2023-10-05 14:45:00,4,Central,17,930.28,1,Completed,51,331.24
682,2023-06-16 06:00:00,9,Uptown,431,28.35,1,Completed,543,320.38
683,2023-02-09 05:48:00,4,Uptown,917,152.13,1,Completed,297,453.83
684,2023-07-27 06:23:00,1,West End,920,637.07,1,Failed,375,508.05
685,2023-05-01 11:24:00,7,East Side,147,115.68,1,Failed,99,153.52
686,2023-02-26 01:19:00,10,Central,797,763.28,1,Completed,159,781.51
687,2023-06-27 02:14:00,6,Central,330,781.84,1,Completed,327,877.6
688,2023-08-29 16:46:00,6,Central,693,686.76,1,Failed,114,189.61
689,2023-11-29 12:02:00,4,West End,116,390.5,0,Failed,601,218.17
690,2023-02-13 09:59:00,2,Uptown,640,759.76,1,Pending,852,457.96
691,2023-08-27 09:09:00,8,Central,679,588.6,1,Pending,583,825.74
692,2023-12-23 06:34:00,2,West End,814,97.5,0,Pending,727,91.68
693,2023-07-31 04:42:00,5,Uptown,355,504.94,1,Completed,751,665.6
694,2023-06-06 18:59:00,10,Uptown,918,334.11,0,Pending,937,437.37
695,2023-10-30 02:32:00,8,Uptown,847,998.03,0,Pending,72,666.18
696,2023-02-24 06:04:00,7,East Side,553,782.94,0,Completed,293,463.98
697,2023-10-14 00:07:00,7,Uptown,290,884.35,0,Completed,266,327.9
698,2023-01-22 05:00:00,10,Uptown,507,812.09,0,Failed,316,867.35
699,2023-07-10 09:30:00,1,East Side,385,718.5,1,Failed,660,937.04
700,2023-06-22 08:11:00,4,West End,917,221.83,0,Failed,928,32.55
701,2023-12-05 20:54:00,1,Central,874,799.0,0,Pending,421,504.33
702,2023-06-29 07:03:00,5,Central,420,247.44,1,Failed,633,202.33
703,2023-11-23 12:14:00,2,Downtown,434,888.02,0,Completed,206,933.52
704,2023-02-01 00:59:00,2,Downtown,413,192.71,0,Failed,545,775.41
705,2023-11-17 23:50:00,3,West End,331,629.2,0,Pending,377,474.14
706,2023-09-24 10:25:00,3,Downtown,331,753.54,1,Pending,932,539.9
707,2023-07-18 11:49:00,7,Uptown,300,43.44,1,Pending,215,753.23
708,2023-06-15 12:33:00,4,Central,850,924.91,0,Failed,938,604.55
709,2023-05-27 05:00:00,7,Central,302,24.35,1,Pending,399,432.13
710,2023-09-10 15:40:00,3,Downtown,736,456.02,1,Completed,14,480.94
711,2023-10-03 02:20:00,3,Downtown,106,779.7,0,Failed,959,331.15
712,2023-07-08 23:00:00,10,East Side,687,270.79,1,Completed,778,503.03
713,2023-09-19 18:19:00,7,West End,839,922.86,0,Pending,395,961.19
714,2023-03-02 07:25:00,7,Central,937,805.18,1,Completed,862,275.85
715,2023-09-29 03:39:00,8,Downtown,244,631.98,0,Pending,753,363.08
716,2023-01-21 07:34:00,4,West End,44,536.36,1,Completed,870,66.83
717,2023-02-26 02:22:00,9,East Side,820,706.33,1,Failed,666,891.2
718,2023-02-23 20:36:00,5,East Side,891,977.64,0,Pending,146,570.16
719,2023-05-27 20:13:00,9,Uptown,41,178.46,1,Failed,447,289.76
720,2023-12-01 06:13:00,8,East Side,552,818.45,1,Completed,431,681.28
721,2023-10-29 21:49:00,7,Downtown,341,58.07,1,Failed,932,574.55
722,2023-01-09 19:30:00,3,East Side,849,890.99,0,Failed,725,77.12
723,2023-03-26 22:46:00,2,Uptown,407,865.83,1,Completed,834,648.29
724,2023-05-12 05:53:00,4,East Side,910,880.14,0,Pending,173,889.79
725,2023-10-14 02:28:00,8,Central,35,769.31,0,Completed,162,267.19
726,2023-11-01 12:42:00,9,East Side,306,673.72,0,Failed,326,606.08
727,2023-07-27 15:55:00,8,Downtown,660,426.24,1,Pending,576,117.93
728,2023-08-23 00:56:00,3,Central,714,743.55,0,Failed,834,508.53
729,2023-01-04 09:56:00,8,Downtown,693,981.92,1,Pending,775,964.58
730,2023-05-09 20:19:00,5,Downtown,774,124.51,0,Failed,15,36.37
731,2023-01-26 22:53:00,1,Uptown,697,206.31,1,Pending,31,857.07
732,2023-08-05 03:32:00,10,Uptown,344,897.09,1,Completed,116,254.92
733,2023-12-15 11:46:00,4,Central,288,521.45,1,Failed,326,387.34
734,2023-10-04 11:53:00,3,Uptown,293,456.6,0,Failed,136,592.8
735,2023-11-05 11:14:00,7,West End,921,383.38,0,Pending,97,590.71
736,2023-01-01 01:09:00,2,West End,508,971.73,0,Failed,526,582.54
737,2023-03-28 22:53:00,2,East Side,978,109.99,1,Completed,112,60.33
738,2023-05-29 13:57:00,2,West End,843,262.83,1,Pending,752,241.13
739,2023-07-31 12:41:00,4,Central,946,547.24,1,Pending,188,976.92
740,2023-08-22 12:37:00,3,East Side,483,823.29,1,Completed,352,706.46
741,2023-04-19 13:21:00,8,West End,546,363.09,1,Completed,304,274.38
742,2023-04-17 08:57:00,9,Downtown,138,878.55,0,Completed,758,338.47
743,2023-06-30 22:39:00,6,East Side,233,147.58,0,Pending,801,758.25
744,2023-06-02 10:44:00,6,Uptown,500,994.87,1,Pending,381,967.0
745,2023-11-16 02:17:00,3,Downtown,780,944.52,0,Pending,276,297.01
746,2023-04-08 13:09:00,10,Uptown,729,756.15,0,Completed,973,805.52
747,2023-05-11 22:06:00,2,Downtown,276,299.79,1,Failed,581,614.31
748,2023-08-21 12:19:00,3,Central,92,450.4,0,Failed,729,724.29
749,2023-06-11 18:27:00,4,Downtown,78,696.66,0,Pending,937,762.48
750,2023-01-24 12:22:00,7,Downtown,194,382.91,0,Failed,592,543.49
751,2023-01-09 08:59:00,10,Central,842,98.77,0,Pending,386,149.84
752,2023-12-04 16:16:00,3,East Side,347,522.29,1,Completed,744,13.44
753,2023-04-10 01:46:00,8,Central,503,293.84,0,Completed,649,136.88
754,2023-09-23 06:55:00,9,West End,621,969.68,1,Completed,962,350.5
755,2023-09-24 23:51:00,10,Uptown,446,647.29,1,Failed,120,831.06
756,2023-08-09 18:07:00,6,East Side,850,547.65,0,Failed,277,618.2
757,2023-04-01 13:42:00,7,West End,499,355.01,0,Completed,899,929.93
758,2023-10-25 20:21:00,9,Central,208,448.28,1,Failed,32,133.55
759,2023-11-18 13:05:00,3,East Side,428,94.11,0,Failed,915,174.52
760,2023-06-06 05:34:00,8,East Side,788,485.34,0,Completed,279,887.6
761,2023-03-15 14:25:00,4,West End,248,736.19,0,Completed,536,432.13
762,2023-10-07 17:21:00,5,West End,486,481.48,0,Completed,280,403.51
763,2023-05-03 05:38:00,6,Central,195,652.65,1,Completed,104,69.4
764,2023-12-27 01:15:00,9,Central,611,571.43,0,Completed,366,643.48
765,2023-10-05 12:41:00,7,Central,857,275.48,0,Failed,730,168.83
766,2023-02-02 03:56:00,10,Uptown,629,114.46,0,Failed,651,832.38
767,2023-06-26 09:03:00,3,Uptown,830,549.04,0,Failed,919,577.33
768,2023-07-14 04:39:00,10,Downtown,581,857.35,0,Pending,902,524.11
769,2023-06-25 12:20:00,9,West End,705,305.11,1,Completed,201,521.71
770,2023-05-22 10:55:00,6,East Side,833,62.52,1,Pending,751,16.57
771,2023-03-21 12:21:00,4,West End,226,828.68,1,Completed,5,264.34
772,2023-04-02 19:04:00,2,Downtown,340,29.15,0,Failed,16,855.81
773,2023-07-19 01:33:00,2,Uptown,755,938.09,1,Pending,200,897.1
774,2023-11-02 21:31:00,2,Downtown,354,613.22,1,Failed,251,167.21
775,2023-10-17 00:10:00,9,Uptown,698,239.68,1,Pending,501,98.65
776,2023-05-05 09:28:00,1,West End,710,761.44,0,Pending,427,452.19
777,2023-07-17 14:51:00,2,West End,637,337.59,0,Completed,617,886.98
778,2023-01-21 19:45:00,8,Uptown,321,145.34,1,Failed,803,628.2
779,2023-01-23 00:47:00,8,Downtown,273,189.22,1,Failed,137,338.58
780,2023-11-18 03:36:00,9,Central,671,252.27,1,Failed,810,977.16
781,2023-02-15 14:39:00,9,East Side,270,874.27,0,Pending,623,39.09
782,2023-09-26 09:04:00,6,West End,857,364.17,0,Failed,279,490.04
783,2023-11-26 05:48:00,5,Uptown,700,333.14,1,Failed,661,343.21
784,2023-10-31 22:00:00,2,Downtown,415,636.56,1,Completed,774,785.45
785,2023-07-26 02:43:00,1,Uptown,49,103.69,1,Pending,296,855.91
786,2023-07-08 20:29:00,6,West End,197,215.94,0,Completed,602,643.83
787,2023-01-05 06:53:00,5,Uptown,755,559.99,1,Completed,374,468.87
788,2023-08-07 15:03:00,6,Downtown,134,149.08,1,Completed,857,154.24
789,2023-10-02 05:16:00,2,Central,51,422.06,1,Pending,26,523.08
790,2023-12-03 05:13:00,7,East Side,898,398.51,1,Pending,412,411.94
791,2023-08-11 07:54:00,2,Downtown,316,992.37,0,Completed,804,67.71
792,2023-10-14 04:59:00,1,West End,316,963.68,0,Failed,588,260.17
793,2023-10-31 06:41:00,1,Downtown,251,254.79,0,Failed,334,62.02
794,2023-05-20 20:28:00,10,East Side,57,539.1,1,Completed,998,838.53
795,2023-10-29 14:05:00,4,Central,291,286.79,0,Completed,986,707.23
796,2023-09-18 18:47:00,2,Downtown,233,767.21,0,Failed,526,606.83
797,2023-10-10 13:47:00,8,Downtown,215,372.67,1,Completed,819,530.9
798,2023-02-06 00:42:00,9,Uptown,60,244.25,0,Completed,847,987.43
799,2023-05-25 04:21:00,6,Central,330,838.66,0,Failed,540,681.22
800,2023-06-15 20:33:00,3,Central,197,757.22,1,Failed,509,254.52
801,2023-12-01 13:32:00,8,Central,750,579.57,0,Failed,597,572.65
802,2023-09-20 07:46:00,9,East Side,881,228.94,1,Failed,578,763.24
803,2023-06-04 01:46:00,10,Central,809,221.86,1,Failed,974,332.43
804,2023-05-25 05:25:00,3,West End,709,876.22,0,Failed,482,676.15
805,2023-11-19 12:20:00,1,East Side,432,415.46,1,Failed,134,733.21
806,2023-09-10 23:58:00,5,West End,596,585.96,0,Pending,192,382.51
807,2023-08-20 21:13:00,10,Downtown,149,870.55,0,Completed,303,316.04
808,2023-04-19 07:45:00,1,Central,185,500.99,1,Pending,152,409.11
809,2023-09-07 00:27:00,6,Central,801,721.25,1,Pending,232,645.95
810,2023-11-03 23:05:00,8,Uptown,11,458.26,0,Failed,597,459.44
811,2023-07-05 07:46:00,5,Uptown,936,554.44,0,Failed,200,798.5
812,2023-09-22 22:51:00,5,East Side,786,393.9,1,Failed,629,956.36
813,2023-05-28 05:47:00,5,Downtown,893,777.21,1,Completed,838,659.15
814,2023-04-26 16:57:00,9,Uptown,949,405.71,0,Failed,710,554.37
815,2023-07-24 05:46:00,9,Uptown,18,289.07,0,Failed,881,573.82
816,2023-07-21 19:34:00,9,West End,869,355.57,0,Failed,468,134.77
817,2023-11-24 10:41:00,1,Uptown,191,956.11,1,Failed,687,575.88
818,2023-02-05 18:20:00,10,Downtown,343,596.74,0,Failed,534,201.01
819,2023-10-01 11:52:00,9,East Side,958,809.73,1,Completed,53,17.34
820,2023-12-25 20:56:00,1,Uptown,570,192.03,0,Completed,176,424.62
821,2023-08-01 11:31:00,3,Uptown,865,75.03,1,Completed,239,532.19
822,2023-03-05 01:54:00,10,Central,147,369.35,1,Pending,46,657.87
823,2023-05-01 11:18:00,4,Central,168,319.07,1,Completed,36,134.89
824,2023-10-28 06:24:00,3,Downtown,79,135.61,1,Failed,838,130.18
825,2023-05-03 10:16:00,1,Central,798,389.28,0,Completed,203,975.63
826,2023-10-17 10:58:00,6,Uptown,325,523.84,0,Completed,800,309.94
827,2023-08-28 17:32:00,2,Downtown,973,643.39,1,Failed,795,860.63
828,2023-10-08 15:14:00,8,Uptown,173,624.14,1,Completed,866,964.16
829,2023-03-12 21:27:00,7,Downtown,473,362.16,0,Pending,910,139.09
830,2023-12-02 22:00:00,3,Uptown,60,139.71,0,Completed,580,111.82
831,2023-08-30 17:59:00,10,East Side,75,632.29,1,Completed,605,578.62
832,2023-11-06 18:39:00,3,Uptown,19,129.35,0,Failed,363,106.62
833,2023-07-17 06:16:00,8,West End,536,517.37,0,Completed,98,819.15
834,2023-05-27 10:21:00,9,East Side,83,150.91,1,Completed,258,672.35
835,2023-01-31 06:18:00,4,West End,855,176.0,1,Failed,28,375.77
836,2023-04-01 08:33:00,1,Downtown,380,288.24,0,Failed,511,111.13
837,2023-12-15 22:37:00,5,Central,781,754.94,1,Completed,528,925.64
838,2023-09-20 23:10:00,5,East Side,374,342.9,0,Completed,548,296.47
839,2023-10-20 08:04:00,9,West End,566,740.38,1,Failed,907,699.53
840,2023-02-20 06:10:00,9,Central,798,961.02,1,Completed,983,441.98
841,2023-03-17 16:51:00,1,Downtown,443,454.77,1,Completed,568,490.23
842,2023-07-08 11:13:00,4,Uptown,429,96.35,0,Completed,403,117.02
843,2023-06-22 18:34:00,7,West End,76,466.39,1,Failed,969,908.99
844,2023-12-06 08:27:00,6,Downtown,308,920.61,1,Completed,751,256.1
845,2023-12-06 02:59:00,5,Uptown,59,243.96,1,Failed,552,10.16
846,2023-10-29 20:22:00,6,Central,779,737.58,0,Pending,810,457.32
847,2023-08-06 19:31:00,9,Central,86,725.22,0,Pending,112,542.44
848,2023-03-25 15:58:00,9,West End,320,771.37,0,Completed,747,556.21
849,2023-01-30 19:47:00,1,East Side,501,172.24,0,Completed,259,165.06
850,2023-03-04 04:54:00,3,Uptown,295,555.67,1,Completed,983,485.01
851,2023-05-17 15:20:00,4,East Side,42,701.92,1,Pending,112,25.48
852,2023-02-10 07:16:00,7,West End,306,985.43,0,Pending,964,56.03
853,2023-05-14 01:35:00,1,East Side,754,826.94,1,Pending,23,777.73
854,2023-09-24 07:02:00,6,West End,943,954.86,0,Failed,535,789.44
855,2023-09-08 01:51:00,3,Downtown,167,900.43,1,Completed,573,971.73
856,2023-05-03 20:55:00,6,Central,739,697.49,0,Completed,531,701.51
857,2023-08-15 04:46:00,8,Uptown,839,460.28,1,Pending,775,382.49
858,2023-04-12 19:36:00,9,East Side,432,880.2,1,Failed,431,532.47
859,2023-10-05 03:42:00,9,East Side,121,858.83,0,Pending,531,844.04
860,2023-06-21 18:31:00,8,East Side,39,629.53,1,Failed,646,477.26
861,2023-04-28 03:38:00,7,East Side,221,38.07,1,Pending,852,175.11
862,2023-06-19 07:17:00,8,Uptown,273,550.08,1,Failed,908,560.74
863,2023-10-05 11:26:00,7,Downtown,116,968.85,0,Completed,486,635.07
864,2023-02-17 14:55:00,1,Central,996,88.44,1,Completed,138,676.79
865,2023-04-27 15:33:00,3,Central,596,323.75,1,Completed,210,250.34
866,2023-10-21 19:58:00,8,Central,166,786.94,1,Pending,598,182.45
867,2023-07-21 08:10:00,4,East Side,556,606.2,1,Failed,720,164.79
868,2023-02-20 13:43:00,2,Downtown,341,169.82,0,Failed,25,814.94
869,2023-01-18 23:21:00,10,Central,13,857.4,1,Pending,310,668.7
870,2023-05-29 20:32:00,10,Central,701,45.32,1,Pending,258,15.0
871,2023-09-17 23:41:00,2,Downtown,328,858.39,1,Completed,749,405.2
872,2023-03-20 23:53:00,7,East Side,100,751.15,0,Pending,190,573.21
873,2023-04-22 12:00:00,5,East Side,854,995.28,0,Completed,470,517.94
874,2023-03-22 04:40:00,5,West End,4,300.11,1,Completed,690,981.77
875,2023-10-24 23:36:00,5,West End,243,115.17,1,Pending,622,835.41
876,2023-10-12 06:10:00,8,Downtown,554,898.49,0,Failed,493,739.58
877,2023-09-03 12:49:00,3,Downtown,72,11.74,0,Pending,144,883.65
878,2023-01-31 20:07:00,5,East Side,981,314.16,1,Pending,892,690.12
879,2023-09-21 13:26:00,5,East Side,951,967.85,1,Pending,959,956.8
880,2023-03-12 00:46:00,3,Uptown,229,87.67,0,Failed,66,399.04
881,2023-01-05 04:49:00,1,Uptown,817,930.6,1,Failed,515,527.04
882,2023-11-03 14:38:00,4,Downtown,703,448.71,1,Completed,220,32.01
883,2023-12-15 06:17:00,6,West End,890,43.54,0,Failed,765,843.57
884,2023-10-06 19:48:00,1,Uptown,761,362.96,0,Pending,405,730.36
885,2023-05-22 12:51:00,3,East Side,217,298.49,0,Completed,468,38.28
886,2023-07-26 21:02:00,2,Downtown,399,189.69,0,Completed,728,349.44
887,2023-02-04 01:43:00,10,Uptown,747,468.66,1,Failed,244,192.47
888,2023-11-12 11:12:00,4,East Side,563,132.7,1,Completed,721,923.06
889,2023-03-04 15:10:00,2,Downtown,843,386.68,1,Pending,471,874.18
890,2023-09-15 22:21:00,2,Uptown,332,974.31,1,Completed,125,595.65
891,2023-04-16 18:32:00,8,East Side,108,374.82,1,Failed,238,520.98
892,2023-10-15 19:02:00,5,Uptown,229,972.42,1,Completed,517,906.14
893,2023-07-05 20:31:00,3,Central,97,461.82,0,Failed,857,800.35
894,2023-10-31 06:02:00,4,West End,555,697.92,1,Pending,375,429.59
895,2023-05-07 23:15:00,8,Central,269,10.12,1,Pending,551,372.16
896,2023-07-26 05:09:00,1,West End,177,533.8,0,Pending,152,844.07
897,2023-01-13 16:33:00,5,East Side,599,870.64,0,Completed,827,252.06
898,2023-11-07 16:01:00,1,Downtown,331,162.83,1,Pending,847,737.3
899,2023-04-02 16:31:00,1,Uptown,692,309.43,1,Completed,339,692.98
900,2023-08-14 11:19:00,10,Central,408,985.84,0,Pending,489,723.51
901,2023-01-05 08:29:00,4,East Side,694,115.8,0,Failed,439,944.63
902,2023-01-11 12:21:00,1,Central,991,149.83,0,Completed,102,680.02
903,2023-09-06 03:12:00,3,West End,161,332.49,0,Completed,42,509.62
904,2023-07-15 14:19:00,7,Uptown,570,594.69,0,Failed,774,214.42
905,2023-04-07 06:33:00,5,Central,633,953.48,1,Pending,841,206.07
906,2023-07-24 15:21:00,9,East Side,598,76.55,0,Failed,338,311.6
907,2023-11-14 02:10:00,8,Uptown,103,164.91,1,Completed,740,405.27
908,2023-01-31 13:14:00,1,East Side,696,808.48,0,Failed,549,594.72
909,2023-06-02 19:38:00,4,Downtown,105,29.97,0,Pending,537,320.64
910,2023-01-16 09:29:00,5,West End,435,819.65,0,Completed,184,219.8
911,2023-11-27 05:46:00,1,East Side,923,468.71,1,Failed,883,176.41
912,2023-07-14 17:47:00,7,Uptown,684,258.19,1,Failed,76,384.55
913,2023-04-08 11:42:00,3,Downtown,741,18.47,1,Completed,207,654.86
914,2023-08-30 02:41:00,2,West End,983,405.47,0,Completed,431,568.72
915,2023-06-20 01:48:00,7,East Side,759,420.12,0,Failed,281,120.83
916,2023-09-12 13:15:00,2,Uptown,270,850.97,1,Completed,817,880.39
917,2023-09-04 02:19:00,3,West End,181,318.84,1,Completed,732,740.69
918,2023-11-08 19:30:00,10,Downtown,392,995.48,1,Completed,288,792.64
919,2023-07-27 21:20:00,2,Uptown,4,925.68,0,Completed,85,712.12
920,2023-09-14 02:10:00,2,Central,804,836.84,1,Pending,186,92.82
921,2023-02-09 06:01:00,5,West End,445,719.11,1,Completed,869,720.34
922,2023-12-29 14:47:00,2,Downtown,139,256.81,1,Completed,582,258.0
923,2023-02-10 19:58:00,10,East Side,357,790.62,1,Failed,725,884.52
924,2023-08-30 16:14:00,3,Downtown,67,926.8,0,Failed,266,287.63
925,2023-12-08 14:01:00,3,West End,908,675.9,0,Pending,303,61.52
926,2023-06-29 03:36:00,1,East Side,498,38.16,1,Completed,568,244.77
927,2023-07-23 09:11:00,9,Downtown,658,771.59,1,Completed,523,234.31
928,2023-03-06 02:05:00,9,East Side,660,703.72,1,Completed,816,495.6
929,2023-02-11 15:09:00,7,West End,502,939.27,1,Completed,702,290.9
930,2023-09-22 13:02:00,10,East Side,418,187.08,0,Completed,452,758.55
931,2023-04-10 13:49:00,9,Central,969,125.88,0,Failed,191,197.26
932,2023-09-13 10:52:00,8,East Side,627,401.08,1,Failed,547,621.33
933,2023-11-03 01:17:00,10,Uptown,824,983.32,0,Failed,690,883.73
934,2023-02-12 23:40:00,3,East Side,931,344.97,1,Completed,739,601.73
935,2023-05-27 14:06:00,3,West End,627,489.11,1,Completed,790,195.33
936,2023-12-13 09:26:00,4,Central,526,331.19,1,Completed,536,83.62
937,2023-07-14 04:19:00,5,Uptown,603,819.33,0,Completed,606,240.9
938,2023-04-25 08:40:00,9,Downtown,923,511.98,1,Pending,442,678.7
939,2023-05-17 02:57:00,10,East Side,492,734.68,0,Completed,837,489.31
940,2023-03-14 00:13:00,1,East Side,61,37.59,0,Failed,121,534.57
941,2023-03-16 17:52:00,8,Uptown,569,228.67,0,Completed,124,532.03
942,2023-09-29 13:09:00,2,East Side,248,82.69,0,Pending,307,714.2
943,2023-09-25 23:16:00,9,East Side,776,577.99,1,Failed,800,504.19
944,2023-12-16 00:16:00,2,West End,766,811.8,0,Completed,125,936.27
945,2023-12-08 01:04:00,10,West End,420,314.77,1,Pending,123,963.66
946,2023-03-09 19:41:00,2,Central,581,846.68,0,Completed,764,419.05
947,2023-06-22 17:11:00,7,West End,395,895.63,0,Failed,789,36.6
948,2023-01-28 04:13:00,9,Uptown,40,792.11,0,Completed,358,303.61
949,2023-10-01 22:04:00,6,Central,292,700.29,0,Pending,882,769.82
950,2023-08-19 10:42:00,2,Central,168,526.82,0,Failed,63,543.72
951,2023-06-11 02:23:00,10,Uptown,428,94.48,1,Pending,134,70.89
952,2023-11-06 03:22:00,4,Central,849,65.36,1,Pending,867,263.84
953,2023-08-24 19:40:00,3,Downtown,286,660.91,0,Completed,509,115.3
954,2023-09-10 08:32:00,4,Uptown,839,854.57,1,Failed,100,762.96
955,2023-01-05 14:10:00,1,Uptown,270,875.82,1,Completed,112,454.13
956,2023-07-13 20:50:00,4,Downtown,412,460.62,1,Completed,284,312.91
957,2023-03-01 03:31:00,8,West End,657,110.8,0,Completed,515,601.23
958,2023-08-21 18:25:00,5,Central,57,382.37,1,Failed,304,274.52
959,2023-07-12 09:59:00,8,Central,644,531.33,1,Pending,380,58.94
960,2023-01-23 20:19:00,3,Uptown,915,827.03,0,Failed,66,422.53
961,2023-10-16 14:31:00,5,East Side,547,995.09,0,Completed,433,696.04
962,2023-06-03 03:19:00,8,West End,652,772.93,1,Completed,701,319.23
963,2023-08-09 09:42:00,9,East Side,588,916.42,1,Completed,82,319.23
964,2023-09-21 18:42:00,4,West End,532,768.13,1,Completed,905,359.75
965,2023-10-17 10:46:00,9,Central,855,385.75,1,Pending,301,299.35
966,2023-03-03 11:30:00,9,East Side,518,434.41,0,Completed,825,268.8
967,2023-12-31 03:26:00,7,Uptown,485,633.92,1,Failed,810,807.5
968,2023-07-24 04:37:00,9,East Side,319,621.93,0,Failed,297,970.08
969,2023-10-31 19:38:00,8,West End,481,498.04,0,Failed,51,104.7
970,2023-02-19 10:27:00,4,Downtown,415,464.02,0,Completed,3,228.14
971,2023-07-07 18:45:00,9,East Side,881,496.12,0,Failed,77,782.53
972,2023-07-10 14:44:00,9,West End,191,932.56,1,Pending,783,776.36
973,2023-07-07 12:59:00,9,Central,454,789.2,1,Pending,350,543.15
974,2023-03-01 08:27:00,9,West End,806,28.15,0,Failed,216,462.94
975,2023-12-07 15:39:00,9,East Side,494,858.84,0,Pending,583,888.0
976,2023-11-23 05:26:00,4,West End,295,230.64,1,Completed,81,65.91
977,2023-02-09 09:33:00,3,Downtown,796,662.31,0,Pending,82,293.19
978,2023-10-14 00:56:00,7,Central,900,690.74,0,Completed,475,552.05
979,2023-11-28 17:23:00,5,West End,787,924.09,0,Pending,95,904.97
980,2023-02-21 16:35:00,8,Central,701,286.86,0,Pending,204,327.72
981,2023-03-23 21:50:00,8,Central,852,620.06,1,Pending,199,571.31
982,2023-08-24 01:00:00,8,Downtown,154,951.39,0,Failed,26,395.61
983,2023-01-30 20:12:00,8,Uptown,353,129.68,1,Completed,9,474.81
984,2023-07-14 03:55:00,7,East Side,292,399.0,0,Completed,113,778.19
985,2023-03-20 03:11:00,9,Central,31,905.99,1,Completed,182,20.57
986,2023-07-07 18:51:00,5,Central,416,165.32,0,Completed,617,334.05
987,2023-09-18 03:39:00,4,West End,84,862.22,1,Pending,858,692.12
988,2023-08-09 17:28:00,10,West End,229,710.42,0,Completed,804,222.39
989,2023-01-27 11:54:00,9,Uptown,564,416.43,1,Completed,656,351.5
990,2023-02-12 02:06:00,1,Downtown,307,579.86,0,Failed,640,887.52
991,2023-07-13 04:33:00,3,West End,207,61.7,1,Completed,158,261.45
992,2023-09-26 21:45:00,10,Central,12,345.59,0,Failed,601,46.71
993,2023-09-02 20:10:00,5,West End,752,920.95,1,Pending,179,804.52
994,2023-10-06 00:52:00,10,Central,64,253.3,0,Pending,670,528.15
995,2023-11-12 22:20:00,3,Downtown,928,862.47,1,Completed,437,916.74
996,2023-02-26 18:53:00,9,Downtown,149,492.85,1,Completed,861,890.92
997,2023-11-30 00:47:00,4,Uptown,837,667.12,0,Pending,203,879.07
998,2023-01-04 05:03:00,1,Uptown,489,336.59,1,Completed,982,655.66
999,2023-06-03 18:47:00,4,East Side,246,12.71,0,Pending,966,998.8
1000,2023-12-30 03:06:00,8,Central,123,389.2,1,Failed,557,318.11
